{"cameraMode":{"drawMode":0,"name":"Shaded","section":"Shading Mode"},"sceneLighting":true,"audioPlay":false,"sceneViewState":{"m_AlwaysRefresh":false,"showFog":true,"showSkybox":true,"showFlares":true,"showImageEffects":true,"showParticleSystems":true,"showVisualEffectGraphs":true,"m_FxEnabled":true},"in2DMode":false,"pivot":{"x":-37.0919189453125,"y":13.381832122802735,"z":54.246463775634769},"rotation":{"x":-0.028012093156576158,"y":0.5762743353843689,"z":-0.014223339967429638,"w":-0.8168640732765198},"size":0.6579009294509888,"orthographic":false}